email,FirstName,LastName,Grade,Comments
kalin.hewett@colorado.edu,kalin,hewett,0,[-100] Could not find a valid submission
elizabeth.donahoo@colorado.edu,elizabeth,donahoo,67,[-33.3] 3 out of 3 of the inputs for problem 1 did not produce the correct output.
christopher.koral@colorado.edu,christopher,koral,67,[-33.3] Incorrect output from Problem 3
rohith.chintalapally@colorado.edu,rohith,chintalapally,33,"[-33.3] Problem 2 took longer than 5 seconds to run. Most likely an infinite loop or prompt for input!, [-33.3] Problem 3 took longer than 5 seconds to run. Most likely an infinite loop or prompt for input!"
yijia.huang@colorado.edu,yijia,huang,100,Great work!
rebecca.robb@colorado.edu,rebecca,robb,100,Great work!
john.cutler@colorado.edu,john,cutler,100,Great work!
hamid.ashtiani@colorado.edu,hamid,ashtiani,100,Great work!
esteban.choi@colorado.edu,esteban,choi,33,"[-33.3] Problem 1 did not compile!, [-33.3] Problem 2 did not compile!"
clint.choka@colorado.edu,clint,choka,100,Great work!
di.wang-1@colorado.edu,di,wang,67,[-33.3] Problem 1 did not compile!
zhuangzhuang.jiang@colorado.edu,zhuangzhuang,jiang,100,Great work!
thomas.c.anderson@colorado.edu,thomas,anderson,0,[-100] Could not find a valid submission
chad.ribisi@colorado.edu,chad,ribisi,77,"[-5.0] Hw6Problem1.cpp had the wrong name ('HW6Problem1.cpp'), [-5.0] Hw6Problem2.cpp had the wrong name ('HW6Problem2.cpp'), [-5.0] Hw6Problem3.cpp had the wrong name ('HW6Problem3.cpp'), [-8.3] 1 out of 4 of the inputs for problem 2 did not produce the correct output."
edward.wassmaniii@colorado.edu,edward,wassman,100,Great work!
ameya.bahirat@colorado.edu,ameya,bahirat,83,[-16.7] 2 out of 4 of the inputs for problem 2 did not produce the correct output.
sydney.tran@colorado.edu,sydney,tran,100,Great work!
alejandro.corral@colorado.edu,alejandro,corral,100,Great work!
tong.shen@colorado.edu,tong,shen,100,Great work!
zijun.xu@colorado.edu,zijun,xu,0,[-100] Could not find a valid submission
kyle.mueller@colorado.edu,kyle,mueller,85,"[-5.0] Hw6Problem1.cpp had the wrong name ('HW6Problem1.cpp'), [-5.0] Hw6Problem2.cpp had the wrong name ('HW6Problem2.cpp'), [-5.0] Hw6Problem3.cpp had the wrong name ('HW6Problem3.cpp')"
deekshitha.thumma@colorado.edu,deekshitha,thumma,100,Great work!
carl.nilsson@colorado.edu,carl,nilsson,18,"[-5.0] Hw6Problem3.cpp had the wrong name ('HW7Problem3.cpp'), [-5.0] Hw6Problem2.cpp had the wrong name ('HW6Problem2.cpp'), [-5.0] Hw6Problem1.cpp had the wrong name ('HW6Problem1.cpp'), [-33.3] Problem 2 took longer than 5 seconds to run. Most likely an infinite loop or prompt for input!, [-33.3] Problem 3 took longer than 5 seconds to run. Most likely an infinite loop or prompt for input!"
xiaofei.chen@colorado.edu,xiaofei,chen,100,Great work!
jose.canizares@colorado.edu,jose,canizares,100,Great work!
sami.meharzi@colorado.edu,sami,meharzi,67,[-33.3] Incorrect output from Problem 3
kelsey.holler@colorado.edu,kelsey,holler,100,Great work!
andrew.wesselhoff@colorado.edu,andrew,wesselhoff,100,Great work!
cade.haley@colorado.edu,cade,haley,100,Great work!
james.landrus@colorado.edu,james,landrus,100,Great work!
drre9733@colorado.edu,drew,recchia,100,Great work!
maximilian.zim@colorado.edu,maximilian,zim,0,[-100] Could not find a valid submission
ran.wei@colorado.edu,ran,wei,100,Great work!
isaac.zepeda@colorado.edu,isaac,zepeda,100,Great work!
youngjin.eo@colorado.edu,youngjin,eo,0,[-100] Could not find a valid submission
garret.lemmon@colorado.edu,garret,lemmon,100,Great work!
xi.gao@colorado.edu,xi yong,gao,100,Great work!
montek.thind@colorado.edu,montek,thind,67,[-33.3] 4 out of 4 of the inputs for problem 2 did not produce the correct output.
coca2722@colorado.edu,colin,campbell,100,Great work!
yash.parekh@colorado.edu,yash,parekh,52,"[-5.0] Hw6Problem1.cpp had the wrong name ('HW6Problem1.cpp'), [-5.0] Hw6Problem2.cpp had the wrong name ('HW6Problem2.cpp'), [-5.0] Hw6Problem3.cpp had the wrong name ('HW6Problem3.cpp'), [-33.3] Problem 2 took longer than 5 seconds to run. Most likely an infinite loop or prompt for input!"
william.golding@colorado.edu,william,golding,85,"[-5.0] Hw6Problem1.cpp had the wrong name ('HW6Problem1.cpp'), [-5.0] Hw6Problem2.cpp had the wrong name ('HW6Problem2.cpp'), [-5.0] Hw6Problem3.cpp had the wrong name ('HW6Problem3.cpp')"
robert.renecker@colorado.edu,robert,renecker,100,Great work!
pierson.connors@colorado.edu,pierson,connors,0,"[-5.0] Hw6Problem1.cpp had the wrong name ('Homework6Problem1.cpp'), [-5.0] Hw6Problem3.cpp had the wrong name ('Homework6Problem3.cpp'), [-33.3] 3 out of 3 of the inputs for problem 1 did not produce the correct output., [-33.3] Could not find Problem 2 file, [-33.3] Incorrect output from Problem 3"
jeremy.udis@colorado.edu,jeremy,udis,68,"[-5.0] Hw6Problem2.cpp had the wrong name ('HW6problem2.cpp'), [-5.0] Hw6Problem1.cpp had the wrong name ('HW6Problem1.cpp'), [-5.0] Hw6Problem3.cpp had the wrong name ('HW6Problem3.cpp'), [-16.7] 2 out of 4 of the inputs for problem 2 did not produce the correct output."
meifang.li@colorado.edu,meifang,li,100,Great work!
casey.an@colorado.edu,casey,an,0,[-100] Could not find a valid submission
hannah.n.jackson@colorado.edu,hannah,jackson,90,"[-5.0] Hw6Problem1.cpp had the wrong name ('Hw2Problem1.cpp'), [-5.0] Hw6Problem2.cpp had the wrong name ('Hw2Problem2.cpp')"
raj.ball@colorado.edu,raj,ball,100,Great work!
elias.ortiz@colorado.edu,elias,ortiz,85,"[-5.0] Hw6Problem1.cpp had the wrong name ('HW6Problem1.cpp'), [-5.0] Hw6Problem2.cpp had the wrong name ('HW6Problem2.cpp'), [-5.0] Hw6Problem3.cpp had the wrong name ('HW6Problem3.cpp')"
tyler.rostenbach@colorado.edu,tyler,rostenbach,100,Great work!
jakob.mitchell@colorado.edu,jakob,mitchell,85,"[-5.0] Hw6Problem1.cpp had the wrong name ('HW6Problem1.cpp'), [-5.0] Hw6Problem2.cpp had the wrong name ('HW6Problem2.cpp'), [-5.0] Hw6Problem3.cpp had the wrong name ('HW6Problem3.cpp')"
shayla.cogan@colorado.edu,shayla,cogan,100,Great work!
benjamin.christy@colorado.edu,ben,christy,100,Great work!
blake.r.phillips@colorado.edu,blake,phillips,100,Great work!
james.a.jenkins@colorado.edu,james,jenkins,100,Great work!
like.hu@colorado.edu,like,hu,100,Great work!
harry.spetnagel@colorado.edu,harry,spetnagel,100,Great work!
connor.kerry@colorado.edu,connor,kerry,100,Great work!
luke.sassu@colorado.edu,luke,sassu,100,Great work!
kaylin.brennan@colorado.edu,kaylin,brennan,100,Great work!
talin.larson@colorado.edu,talin,larson,100,Great work!
maxwell.stickel@colorado.edu,max,stickel,0,[-100] Could not find a valid submission
brody.kent@colorado.edu,brody,kent,67,[-33.3] Problem 2 did not compile!
jacob.berman@colorado.edu,jacob,berman,100,Great work!
max.messengerbouricius@colorado.edu,gerlacus,messenger bouricius,100,Great work!
trevor.stephens@colorado.edu,trevor,stephens,100,Great work!
ziheng.zhu@colorado.edu,ziheng,zhu,67,[-33.3] Incorrect output from Problem 3
daniel.rapacchietta@colorado.edu,daniel,rapacchietta,100,Great work!
william.glennon@colorado.edu,william,glennon,100,Great work!
john.stipak@colorado.edu,john,stipak,0,[-100] Could not find a valid submission
william.grafton@colorado.edu,william,grafton,67,[-33.3] Incorrect output from Problem 3
evan.tucker@colorado.edu,evan,tucker,92,[-8.3] 1 out of 4 of the inputs for problem 2 did not produce the correct output.
joseph.castagneri@colorado.edu,joseph,castagneri,100,Great work!
peter.wang@colorado.edu,peter,wang,62,"[-5.0] Hw6Problem1.cpp had the wrong name ('HwProblem1.cpp'), [-33.3] 3 out of 3 of the inputs for problem 1 did not produce the correct output."
david.beldner@colorado.edu,david,beldner,100,Great work!
cora.schneck@colorado.edu,cora,schneck,100,Great work!
ashley.staab@colorado.edu,ashley,staab,100,Great work!
scott.l.young@colorado.edu,scott,young,100,Great work!
imran.dawud@colorado.edu,imran,dawud,85,"[-5.0] Hw6Problem1.cpp had the wrong name ('HW6Problem1.cpp'), [-5.0] Hw6Problem2.cpp had the wrong name ('HW6Problem2.cpp'), [-5.0] Hw6Problem3.cpp had the wrong name ('HW6Problem3.cpp')"
jason.j.hill@colorado.edu,jason,hill,100,Great work!
nicolas.santander@colorado.edu,nicolas,santander,100,Great work!
michael.gough@colorado.edu,michael,gough,100,Great work!
kylie.reagan@colorado.edu,kylie,reagan,0,[-100] Could not find a valid submission
alex.mooneyham@colorado.edu,alex,mooneyham,67,[-33.3] Problem 2 took longer than 5 seconds to run. Most likely an infinite loop or prompt for input!
amy.chen-1@colorado.edu,amy,chen,100,Great work!
devon.jones@colorado.edu,devon,jones,100,Great work!
sibo.song@colorado.edu,sibo,song,100,Great work!
jacob.burgess@colorado.edu,jacob,burgess,33,"[-33.3] 4 out of 4 of the inputs for problem 2 did not produce the correct output., [-33.3] Incorrect output from Problem 3"
peter.delevoryas@colorado.edu,peter,delevoryas,100,Great work!
carson.brumley@colorado.edu,carson,brumley,100,Great work!
karan.vohra@colorado.edu,karan,vohra,90,"[-5.0] Hw6Problem1.cpp had the wrong name ('HW6Problem1.cpp'), [-5.0] Hw6Problem2.cpp had the wrong name ('HW6Problem2.cpp')"
kushal.joshi@colorado.edu,kushal,joshi,67,[-33.3] Problem 3 took longer than 5 seconds to run. Most likely an infinite loop or prompt for input!
bryan.goldsmith@colorado.edu,bryan,goldsmith,67,[-33.3] Problem 3 took longer than 5 seconds to run. Most likely an infinite loop or prompt for input!
jake.a.woodard@colorado.edu,jake,woodard,0,[-100] Could not find a valid submission
connor.black@colorado.edu,connor,black,85,"[-5.0] Hw6Problem1.cpp had the wrong name ('HW6Problem1.cpp'), [-5.0] Hw6Problem2.cpp had the wrong name ('HW6Problem2.cpp'), [-5.0] Hw6Problem3.cpp had the wrong name ('HW6Problem3.cpp')"
byron.bearden@colorado.edu,byron,bearden,52,"[-5.0] Hw6Problem1.cpp had the wrong name ('HW6Problem1.cpp'), [-5.0] Hw6Problem2.cpp had the wrong name ('HW6Problem2.cpp'), [-5.0] Hw6Problem3.cpp had the wrong name ('HW6Problem3.cpp'), [-33.3] Incorrect output from Problem 3"
carolyn.daugherty@colorado.edu,carolyn,daugherty,100,Great work!
david.cardenas@colorado.edu,david,cardenas,67,[-33.3] 3 out of 3 of the inputs for problem 1 did not produce the correct output.
ashley.garg@colorado.edu,ashley,garg,67,[-33.3] 3 out of 3 of the inputs for problem 1 did not produce the correct output.
pierce.doogan@colorado.edu,pierce,doogan,100,Great work!
christian.r.rodriguez@colorado.edu,christian,rodriguez,100,Great work!
william.farwell@colorado.edu,william,farwell,100,Great work!
joel.gorder@colorado.edu,joel,gorder,100,Great work!
oliver.hanna@colorado.edu,oliver,hanna,85,"[-5.0] Hw6Problem1.cpp had the wrong name ('HW6Problem1.cpp'), [-5.0] Hw6Problem2.cpp had the wrong name ('HW6Problem2.cpp'), [-5.0] Hw6Problem3.cpp had the wrong name ('HW6Problem3.cpp')"
michael.vienneau@colorado.edu,michael,vienneau,75,[-25.0] 3 out of 4 of the inputs for problem 2 did not produce the correct output.
weiliang.sun@colorado.edu,weiliang,sun,92,[-8.3] 1 out of 4 of the inputs for problem 2 did not produce the correct output.
grace.glover@colorado.edu,grace,glover,85,"[-5.0] Hw6Problem1.cpp had the wrong name ('hw6problem1.cpp'), [-5.0] Hw6Problem2.cpp had the wrong name ('hw6problem2.cpp'), [-5.0] Hw6Problem3.cpp had the wrong name ('hw6problem3.cpp')"
ray.stine@colorado.edu,ray,stine,67,[-33.3] 3 out of 3 of the inputs for problem 1 did not produce the correct output.
alexander.swindell@colorado.edu,alexander,swindell,100,Great work!
liam.slyne@colorado.edu,liam,slyne,100,Great work!
eric.pinckney@colorado.edu,eric,pinckney,100,Great work!
cody.crown@colorado.edu,cody,crown,33,"[-33.3] Problem 2 took longer than 5 seconds to run. Most likely an infinite loop or prompt for input!, [-33.3] Incorrect output from Problem 3"
steven.laupan@colorado.edu,steven,laupan,100,Great work!
ian.loefgren@colorado.edu,ian,loefgren,100,Great work!
aubree.lytwyn@colorado.edu,aubree,lytwyn,100,Great work!
zachary.scroggins@colorado.edu,zachary,scroggins,100,Great work!
andrew.lim@colorado.edu,andrew,lim,100,Great work!
megan.j.williams@colorado.edu,megan,williams,100,Great work!
jianyi.chen@colorado.edu,jianyi,chen,100,Great work!
lauren.steinke@colorado.edu,lauren,steinke,100,Great work!
conor.parrish@colorado.edu,conor,parrish,100,Great work!
evan.powell@colorado.edu,evan,powell,85,"[-5.0] Hw6Problem1.cpp had the wrong name ('HW6Problem1.cpp'), [-5.0] Hw6Problem2.cpp had the wrong name ('HW6Problem2.cpp'), [-5.0] Hw6Problem3.cpp had the wrong name ('HW6Problem3.cpp')"
elena.ingraham@colorado.edu,elena,ingraham,85,"[-5.0] Hw6Problem1.cpp had the wrong name ('HW6problem1.cc'), [-5.0] Hw6Problem2.cpp had the wrong name ('Hw6Problem2.cc'), [-5.0] Hw6Problem3.cpp had the wrong name ('Hw6Problem3.cc')"
christian.holland@colorado.edu,chris,holland,100,Great work!
ryan.wood-1@colorado.edu,ryan,wood,100,Great work!
runhan.tian@colorado.edu,runhan,tian,95,[-5.0] Hw6Problem3.cpp had the wrong name ('HW6Problem3.cpp')
jinxin.liu@colorado.edu,jinxin,liu,67,[-33.3] Problem 2 took longer than 5 seconds to run. Most likely an infinite loop or prompt for input!
alexander.luo@colorado.edu,alexander,luo,100,Great work!
kenneth.ellis@colorado.edu,kenny,ellis,57,"[-5.0] Hw6Problem2.cpp had the wrong name ('Hw6problem2.cpp'), [-5.0] Hw6Problem3.cpp had the wrong name ('Hw6problem3.cpp'), [-33.3] 3 out of 3 of the inputs for problem 1 did not produce the correct output."
shana.williams@colorado.edu,shana,williams,67,[-33.3] Error Running Problem 2 Submission
jeje5328@colorado.edu,jeffrey,jenkins,100,Great work!
prince.antwi@colorado.edu,prince,antwi,0,"[-33.3] Could not find Problem 1 file, [-33.3] Could not find Problem 2 file, [-33.3] Could not find Problem 3 file"
peter.strayer@colorado.edu,peter,strayer,33,"[-33.3] Problem 2 took longer than 5 seconds to run. Most likely an infinite loop or prompt for input!, [-33.3] Problem 3 took longer than 5 seconds to run. Most likely an infinite loop or prompt for input!"
hanye.han@colorado.edu,hanye,han,95,[-5.0] Hw6Problem3.cpp had the wrong name ('HW6Problem3.cpp')
austin.chau@colorado.edu,austin,chau,100,Great work!
ben.shamalov@colorado.edu,ben,shamalov,100,Great work!
blake.biskner@colorado.edu,blake,biskner,100,Great work!
madeleine.crouch@colorado.edu,madeleine,crouch,100,Great work!
michael.min@colorado.edu,michael,min,100,Great work!
girishkumar.ramkumar@colorado.edu,girishkumar,ramkumar,92,[-8.3] 1 out of 4 of the inputs for problem 2 did not produce the correct output.
edward.zuzula@colorado.edu,edward,zuzula,100,Great work!
zachary.kuzma@colorado.edu,zachary,kuzma,100,Great work!
chte5665@colorado.edu,chayanis,teawdeswan,67,[-33.3] Problem 2 did not compile!
raina.gough@colorado.edu,raina,gough,100,Great work!
callie.jones@colorado.edu,callie,jones,67,[-33.3] Problem 2 did not compile!
sean.grant@colorado.edu,sean,grant,0,[-100] Could not find a valid submission
vath8598@colorado.edu,varodom,theplertboon,85,"[-5.0] Hw6Problem3.cpp had the wrong name ('HW6Problem3.cpp'), [-5.0] Hw6Problem2.cpp had the wrong name ('HW6Problem2.cpp'), [-5.0] Hw6Problem1.cpp had the wrong name ('HW6Problem1.cpp')"
ethan.ellingboe@colorado.edu,ethan,ellingboe,100,Great work!
mitchell.block@colorado.edu,mitchell,block,100,Great work!
moises.bonilla@colorado.edu,moises,bonilla,85,"[-5.0] Hw6Problem1.cpp had the wrong name ('Hwk6Problem1.cpp'), [-5.0] Hw6Problem2.cpp had the wrong name ('Hwk6Problem2.cpp'), [-5.0] Hw6Problem3.cpp had the wrong name ('Hwk6Problem3.cpp')"
miklos.eger@colorado.edu,miklos,eger,28,"[-5.0] Hw6Problem1.cpp had the wrong name ('Hw6Problem1 (Miklos's Laptop's conflicted copy 2014-10-16).cpp'), [-33.3] Problem 1 did not compile!, [-33.3] Could not find Problem 3 file"
matthew.p.kaplan@colorado.edu,matthew,kaplan,67,[-33.3] 4 out of 4 of the inputs for problem 2 did not produce the correct output.
veronica.cortez@colorado.edu,veronica,cortez,67,[-33.3] 3 out of 3 of the inputs for problem 1 did not produce the correct output.
anhkhoa.than@colorado.edu,anh-khoa,than,67,[-33.3] Problem 2 took longer than 5 seconds to run. Most likely an infinite loop or prompt for input!
evan.j.miller@colorado.edu,evan,miller,67,[-33.3] Problem 2 took longer than 5 seconds to run. Most likely an infinite loop or prompt for input!
michael.cates@colorado.edu,michael,cates,85,"[-5.0] Hw6Problem1.cpp had the wrong name ('HW6Problem1.cpp'), [-5.0] Hw6Problem2.cpp had the wrong name ('HW6Problem2.cpp'), [-5.0] Hw6Problem3.cpp had the wrong name ('HW6Problem3.cpp')"
michelle.ferrall@colorado.edu,michelle,ferrall,100,Great work!
thomas.maloney@colorado.edu,thomas,maloney,100,Great work!
kyle.schriver@colorado.edu,kyle,schriver,100,Great work!
stephen.wessels@colorado.edu,stephen,wessels,100,Great work!
valerie.lesser@colorado.edu,valerie,lesser,0,"[-33.3] Could not find Problem 1 file, [-33.3] Could not find Problem 2 file, [-33.3] Could not find Problem 3 file"
joseph.limajr@colorado.edu,joseph,lima,85,"[-5.0] Hw6Problem1.cpp had the wrong name ('HW6Problem1.cpp'), [-5.0] Hw6Problem2.cpp had the wrong name ('HW6Problem2.cpp'), [-5.0] Hw6Problem3.cpp had the wrong name ('HW6Problem3.cpp')"
sonia.szeton@colorado.edu,sonia,szeton,100,Great work!
xizhe.song@colorado.edu,xizhe,song,0,"[-33.3] Could not find Problem 1 file, [-33.3] Could not find Problem 2 file, [-33.3] Could not find Problem 3 file"
wade.myers@colorado.edu,wade,myers,100,Great work!
rachel.kastanek@colorado.edu,rachel,kastanek,85,"[-5.0] Hw6Problem2.cpp had the wrong name ('HW6Problem2.cpp'), [-5.0] Hw6Problem3.cpp had the wrong name ('HW6Problem3.cpp'), [-5.0] Hw6Problem1.cpp had the wrong name ('HW6Problem1.cpp')"
mita4829@colorado.edu,michael,tang,100,Great work!
gregory.blanpied@colorado.edu,gregory,blanpied,33,"[-33.3] 3 out of 3 of the inputs for problem 1 did not produce the correct output., [-33.3] Incorrect output from Problem 3"
dylan.cole@colorado.edu,dylan,cole,100,Great work!
cameron.thompson@colorado.edu,cameron,thompson,100,Great work!
travis.j.smith@colorado.edu,travis,smith,0,[-100] Could not find a valid submission
dast1635@colorado.edu,daniel,stone,0,[-100] Could not find a valid submission
tao.wang@colorado.edu,tao,wang,100,Great work!
christine.reilly@colorado.edu,christine,reilly,100,Great work!
stuart.vaughn@colorado.edu,stuart,vaughn,85,"[-5.0] Hw6Problem1.cpp had the wrong name ('Hw6problem1.cpp'), [-5.0] Hw6Problem2.cpp had the wrong name ('Hw6problem2.cpp'), [-5.0] Hw6Problem3.cpp had the wrong name ('Hw6problem3.cpp')"
jonathan.knight@colorado.edu,jonathan,knight,0,[-100] Could not find a valid submission
byron.anderson@colorado.edu,byron,anderson,85,"[-5.0] Hw6Problem1.cpp had the wrong name ('HW6Problem1.cpp'), [-5.0] Hw6Problem2.cpp had the wrong name ('HW6Problem2.cpp'), [-5.0] Hw6Problem3.cpp had the wrong name ('HW6Problem3.cpp')"
adam.tammariello@colorado.edu,adam,tammariello,67,[-33.3] 3 out of 3 of the inputs for problem 1 did not produce the correct output.
hunter.schaefer@colorado.edu,hunter,schaefer,0,"[-33.3] Could not find Problem 1 file, [-33.3] Could not find Problem 2 file, [-33.3] Could not find Problem 3 file"
jack.menzies@colorado.edu,jack,menzies,100,Great work!
michael.marx@colorado.edu,michael,marx,100,Great work!
david.blanchette@colorado.edu,dave,blanchette,33,"[-33.3] 3 out of 3 of the inputs for problem 1 did not produce the correct output., [-33.3] Problem 2 took longer than 5 seconds to run. Most likely an infinite loop or prompt for input!"
eric.hopkins@colorado.edu,eric,hopkins,100,Great work!
jonathan.mcgehee@colorado.edu,jonathan,mcgehee,67,[-33.3] Incorrect output from Problem 3
carlo.scanelli@colorado.edu,carlo,scanelli,100,Great work!
masami.kondopavish@colorado.edu,masami,kondo-pavish,100,Great work!
christopher.sichko@colorado.edu,christopher,sichko,100,Great work!
pamala.ung@colorado.edu,pamala,ung,100,Great work!
jake.mitchell@colorado.edu,jake,mitchell,85,"[-5.0] Hw6Problem1.cpp had the wrong name ('HW6Problem1.cpp'), [-5.0] Hw6Problem2.cpp had the wrong name ('HW6Problem2.cpp'), [-5.0] Hw6Problem3.cpp had the wrong name ('HW6Problem3.cpp')"
john.helsel@colorado.edu,john,helsel,100,Great work!
austin.holler@colorado.edu,austin,holler,100,Great work!
jorge.sifuentes@colorado.edu,jorge,sifuentes,0,[-100] Could not find a valid submission
matthew.cassidy@colorado.edu,matthew,cassidy,33,"[-33.3] 3 out of 3 of the inputs for problem 1 did not produce the correct output., [-33.3] Problem 2 took longer than 5 seconds to run. Most likely an infinite loop or prompt for input!"
zachary.goldring@colorado.edu,zachary,goldring,100,Great work!
weikang.zhang@colorado.edu,weikang,zhang,100,Great work!
ryan.mori@colorado.edu,ryan,mori,100,Great work!
alexander.bernier@colorado.edu,alexander,bernier,100,Great work!
hayden.keown@colorado.edu,hayden,keown,100,Great work!
busun.kim@colorado.edu,bu sun,kim,0,[-100] Could not find a valid submission
allison.e.langley@colorado.edu,allison,langley,100,Great work!
cameron.khan@colorado.edu,cameron,khan,0,[-100] Could not find a valid submission
owen.lyke@colorado.edu,owen,lyke,100,Great work!
trevor.smith-1@colorado.edu,trevor,smith,0,[-100] Could not find a valid submission
william.goode@colorado.edu,william,goode,100,Great work!
joshua.zepf@colorado.edu,joshua,zepf,67,[-33.3] 3 out of 3 of the inputs for problem 1 did not produce the correct output.
zane.obrien@colorado.edu,zane,o'brien,0,[-100] Could not find a valid submission
joshua.michalski@colorado.edu,joshua,michalski,100,Great work!
christine.salva@colorado.edu,christine,salva,100,Great work!
michael.evans-1@colorado.edu,michael,evans,100,Great work!
gabrielle.dean@colorado.edu,gabrielle,dean,67,[-33.3] 3 out of 3 of the inputs for problem 1 did not produce the correct output.
kurt.boenning@colorado.edu,kurt,boenning,100,Great work!
dongming.guo@colorado.edu,dongming,guo,0,[-100] Could not find a valid submission
michael.nothem@colorado.edu,michael,nothem,33,"[-33.3] Problem 1 did not compile!, [-33.3] Problem 2 did not compile!"
selby.stout@colorado.edu,selby,stout,100,Great work!
ian.gerchow@colorado.edu,ian,gerchow,100,Great work!
jacob.bradshaw@colorado.edu,jacob,bradshaw,0,[-100] Could not find a valid submission
rachel.thornes@colorado.edu,rachel,thornes,100,Great work!
lance.hering@colorado.edu,lance,hering,100,Great work!
benjamin.r.roberts@colorado.edu,ben,roberts,100,Great work!
john.desmond@colorado.edu,john,desmond,0,[-100] Could not find a valid submission
dmytro.ryzhkov@colorado.edu,dmytro,ryzhkov,100,Great work!
pierce.lieberman@colorado.edu,pierce,lieberman,100,Great work!
ismael.gutierrez@colorado.edu,ismael,gutierrez,67,[-33.3] 4 out of 4 of the inputs for problem 2 did not produce the correct output.
cassandra.watts@colorado.edu,cassandra,watts,100,Great work!
matthew.mclaughlin@colorado.edu,matthew,mclaughlin,50,"[-33.3] Problem 1 did not compile!, [-16.7] 2 out of 4 of the inputs for problem 2 did not produce the correct output."
sean.huckabee@colorado.edu,sean,huckabee,100,Great work!
samuel.wegleitner@colorado.edu,samuel,wegleitner,100,Great work!
jared.stanley@colorado.edu,jared,stanley,67,[-33.3] 3 out of 3 of the inputs for problem 1 did not produce the correct output.
donovan.guelde@colorado.edu,donovan,guelde,100,Great work!
samuel.anoff@colorado.edu,samuel,anoff,100,Great work!
devin.bazata@colorado.edu,devin,bazata,100,Great work!
derek.gorthy@colorado.edu,derek,gorthy,100,Great work!
kevan.oconnell@colorado.edu,kevan,o'connell,60,"[-5.0] Hw6Problem1.cpp had the wrong name ('HW6Problem1.cpp'), [-5.0] Hw6Problem2.cpp had the wrong name ('HW6Problem2.cpp'), [-5.0] Hw6Problem3.cpp had the wrong name ('HW6Problem3.cpp'), [-25.0] 3 out of 4 of the inputs for problem 2 did not produce the correct output."
hulaif.muhammadilyas@colorado.edu,hulaif,muhammad ilyas,0,[-100] Could not find a valid submission
christy.roney@colorado.edu,christy,roney,100,Great work!
cary.sullivan@colorado.edu,cary,sullivan,100,Great work!
travis.benge@colorado.edu,travis,benge,100,Great work!
kelly.nemeth@colorado.edu,kelly,nemeth,100,Great work!
matthew.s.mcgraw@colorado.edu,matthew,mcgraw,100,Great work!
luke.nguyen@colorado.edu,luke,nguyen,100,Great work!
nathanael.thompson@colorado.edu,nathanael,thompson,0,"[-33.3] 3 out of 3 of the inputs for problem 1 did not produce the correct output., [-33.3] 4 out of 4 of the inputs for problem 2 did not produce the correct output., [-33.3] Incorrect output from Problem 3"
kiana.guastaferro@colorado.edu,kiana,guastaferro,100,Great work!
fatin.kamaruzaman@colorado.edu,fatin,kamaruzaman,100,Great work!
daniel.i.nunez@colorado.edu,daniel,nunez,100,Great work!
brett.qualiardi@colorado.edu,brett,qualiardi,0,[-100] Could not find a valid submission
yi.wu@colorado.edu,yi,wu,100,Great work!
sarah.godine@colorado.edu,sarah,godine,100,Great work!
alexander.harlan@colorado.edu,alexander,harlan,100,Great work!
losol.amarbayasgalan@colorado.edu,losol,amarbayasgalan,60,"[-5.0] Hw6Problem1.cpp had the wrong name ('HW6Problem1.cpp'), [-5.0] Hw6Problem2.cpp had the wrong name ('HW6Problem2.cpp'), [-5.0] Hw6Problem3.cpp had the wrong name ('HW6Problem3.cpp'), [-25.0] 3 out of 4 of the inputs for problem 2 did not produce the correct output."
hunter.m.johnson@colorado.edu,hunter,johnson,100,Great work!
vincent.mahathirash@colorado.edu,vincent,mahathirash,100,Great work!
brandon.tuley@colorado.edu,brandon,tuley,85,"[-5.0] Hw6Problem1.cpp had the wrong name ('HW6Problem1.cpp'), [-5.0] Hw6Problem2.cpp had the wrong name ('HW6Problem2.cpp'), [-5.0] Hw6Problem3.cpp had the wrong name ('HW6Problem3.cpp')"
julio.lopez@colorado.edu,julio,lopez,100,Great work!
nathan.phillips@colorado.edu,nathan,phillips,100,Great work!
ian.cooke@colorado.edu,ian,cooke,85,"[-5.0] Hw6Problem1.cpp had the wrong name ('HW6Problem1.cpp'), [-5.0] Hw6Problem2.cpp had the wrong name ('HW6Problem2.cpp'), [-5.0] Hw6Problem3.cpp had the wrong name ('HW6Problem3.cpp')"
nolan.cretney@colorado.edu,nolan,cretney,100,Great work!
ravin.defonseka@colorado.edu,ravin,defonseka,100,Great work!
derek.boeka@colorado.edu,derek,boeka,0,[-100] Could not find a valid submission
bruce.seymour@colorado.edu,bruce,seymour,100,Great work!
sean.p.downs@colorado.edu,sean,downs,100,Great work!
dylan.gates@colorado.edu,dylan,kayyem,100,Great work!
yuming.liu@colorado.edu,yuming,liu,100,Great work!
alec.viets@colorado.edu,alec,viets,100,Great work!
yi.man@colorado.edu,yi,man,85,"[-5.0] Hw6Problem1.cpp had the wrong name ('Hw6problem1.cpp'), [-5.0] Hw6Problem2.cpp had the wrong name ('Hw6problem2.cpp'), [-5.0] Hw6Problem3.cpp had the wrong name ('Hw6problem3.cpp')"
eileen.gehring@colorado.edu,eileen,gehring,33,"[-33.3] 3 out of 3 of the inputs for problem 1 did not produce the correct output., [-33.3] Problem 2 took longer than 5 seconds to run. Most likely an infinite loop or prompt for input!"
iris.altman@colorado.edu,iris,altman,92,[-8.3] 1 out of 4 of the inputs for problem 2 did not produce the correct output.
richard.dyer@colorado.edu,richard,dyer,100,Great work!
alejandro.vallinromo@colorado.edu,alejandro,vallin romo,0,[-100] Could not find a valid submission
isaac.davidson-1@colorado.edu,isaac,davidson,100,Great work!
joao.mansur@colorado.edu,joao,mansur,85,"[-5.0] Hw6Problem1.cpp had the wrong name ('HW6Problem1.cpp'), [-5.0] Hw6Problem2.cpp had the wrong name ('HW6Problem2.cpp'), [-5.0] Hw6Problem3.cpp had the wrong name ('HW6Problem3.cpp')"
aditya.mishra@colorado.edu,aditya,mishra,100,Great work!
cody.charland@colorado.edu,cody,charland,85,"[-5.0] Hw6Problem1.cpp had the wrong name ('HW6Problem1.cpp'), [-5.0] Hw6Problem2.cpp had the wrong name ('HW6Problem2.cpp'), [-5.0] Hw6Problem3.cpp had the wrong name ('HW6Problem3.cpp')"
julius.chi@colorado.edu,julius,chi,0,[-100] Could not find a valid submission
andrew.candelaresi@colorado.edu,andrew,candelaresi,100,Great work!
scott.schubert@colorado.edu,scott,schubert,100,Great work!
igor.banaszuk@colorado.edu,igor,banaszuk,100,Great work!
riley.mack@colorado.edu,riley,mack,85,"[-5.0] Hw6Problem1.cpp had the wrong name ('HW6Problem1.cpp'), [-5.0] Hw6Problem2.cpp had the wrong name ('HW6Problem2.cpp'), [-5.0] Hw6Problem3.cpp had the wrong name ('HW6Problem3.cpp')"
arlin.tawzer@colorado.edu,arlin,tawzer,52,"[-5.0] Hw6Problem1.cpp had the wrong name ('HW6Problem1.cpp'), [-5.0] Hw6Problem3.cpp had the wrong name ('HW6Problem3.cpp'), [-5.0] Hw6Problem2.cpp had the wrong name ('HW6Problem2.cpp'), [-33.3] There was no acceptable output from Problem 3"
jake.bomark@colorado.edu,jake,bomark,100,Great work!
ryan.baten@colorado.edu,ryan,baten,100,Great work!
christopher.rhoda@colorado.edu,christopher,rhoda,100,Great work!
christopher.mckenney@colorado.edu,christopher,mckenney,67,[-33.3] Problem 2 did not compile!
audrey.farber@colorado.edu,audrey,farber,100,Great work!
lucas.allen@colorado.edu,lucas,allen,100,Great work!
charles.groen@colorado.edu,charles,groen,0,[-100] Could not find a valid submission
norlando.adams@colorado.edu,norlando,adams,18,"[-5.0] Hw6Problem2.cpp had the wrong name ('HW6problem2.cpp'), [-5.0] Hw6Problem3.cpp had the wrong name ('HW6problem3.cpp'), [-5.0] Hw6Problem1.cpp had the wrong name ('HW6problem1.cpp'), [-33.3] 3 out of 3 of the inputs for problem 1 did not produce the correct output., [-33.3] Problem 2 did not compile!"
abu.sayed@colorado.edu,abu,sayed,100,Great work!
kevin.gary@colorado.edu,kevin,gary,95,[-5.0] Hw6Problem3.cpp had the wrong name ('HwProblem3.cpp')
grant.hibner@colorado.edu,grant,hibner,0,[-100] Could not find a valid submission
stanley.luo@colorado.edu,stanley,luo,85,"[-5.0] Hw6Problem3.cpp had the wrong name ('HwProblem3.cpp'), [-5.0] Hw6Problem1.cpp had the wrong name ('HwProblem1.cpp'), [-5.0] Hw6Problem2.cpp had the wrong name ('HwProblem2.cpp')"
brendan.welch@colorado.edu,brendan,welch,100,Great work!
kyro5218@colorado.edu,kyle,rose,100,Great work!
jack.fritz@colorado.edu,jack,fritz,100,Great work!
schuyler.freeman@colorado.edu,schuyler,freeman,67,[-33.3] 3 out of 3 of the inputs for problem 1 did not produce the correct output.
cody.luhmann@colorado.edu,cody,luhmann,100,Great work!
christian.ball@colorado.edu,christian,ball,0,[-100] Could not find a valid submission
andrew.lee-4@colorado.edu,andrew,lee,100,Great work!
phillip.stenzel@colorado.edu,phillip,stenzel,100,Great work!
brandon.crist@colorado.edu,brandon,crist,100,Great work!
alejandro.gutierrezalvarez@colorado.edu,alex,gutierrez alvarez,0,[-100] Could not find a valid submission
joseph.rickard@colorado.edu,joseph,rickard,0,[-100] Could not find a valid submission
marcus.garza@colorado.edu,marcus,garza,0,"[-33.3] Could not find Problem 1 file, [-33.3] Could not find Problem 2 file, [-33.3] Could not find Problem 3 file"
kyle.giacomini@colorado.edu,kyle,giacomini,0,"[-33.3] Could not find Problem 1 file, [-33.3] Could not find Problem 2 file, [-33.3] Could not find Problem 3 file"
joshua.mccann@colorado.edu,joshua,mccann,100,Great work!
ziyi.wang@colorado.edu,hana,wang,100,Great work!
austin.martinez@colorado.edu,austin,martinez,100,Great work!
xuan.zhou-1@colorado.edu,xuan,zhou,100,Great work!
kerick.stevens@colorado.edu,kerick,stevens,100,Great work!
nicholas.chirico@colorado.edu,nicholas,chirico,100,Great work!
raleigh.matthews@colorado.edu,raleigh,matthews,52,"[-5.0] Hw6Problem2.cpp had the wrong name ('HW6Problem2.cpp'), [-5.0] Hw6Problem3.cpp had the wrong name ('HW6Problem3.cpp'), [-5.0] Hw6Problem1.cpp had the wrong name ('HW6Problem1.cpp'), [-33.3] 4 out of 4 of the inputs for problem 2 did not produce the correct output."
michelle.denardis@colorado.edu,michelle,de nardis,0,[-100] Could not find a valid submission
paul.braford@colorado.edu,paul,braford,0,[-100] Could not find a valid submission
ryan.c.lynch@colorado.edu,ryan,lynch,100,Great work!
mercado.fernando@colorado.edu,fernando,mercado,100,Great work!
jeong.lee@colorado.edu,jeong min,lee,0,[-100] Could not find a valid submission
brent.hyman@colorado.edu,brent,hyman,100,Great work!
kokou.gantin@colorado.edu,kokou,gantin,100,Great work!
yech3478@colorado.edu,yeonjae,choi,100,Great work!
donna.yu@colorado.edu,donna,yu,85,"[-5.0] Hw6Problem1.cpp had the wrong name ('HW6Problem1.cpp'), [-5.0] Hw6Problem2.cpp had the wrong name ('HW6Problem2.cpp'), [-5.0] Hw6Problem3.cpp had the wrong name ('HW6Problem3.cpp')"
dean.moser@colorado.edu,dean,moser,100,Great work!
alejandro.lopezhofer@colorado.edu,alejandro,lopez-hofer,52,"[-5.0] Hw6Problem1.cpp had the wrong name ('HW6Problem1.cpp'), [-5.0] Hw6Problem2.cpp had the wrong name ('HW6Problem2.cpp'), [-5.0] Hw6Problem3.cpp had the wrong name ('HW6Problem3.cpp'), [-33.3] 3 out of 3 of the inputs for problem 1 did not produce the correct output."
dieter.hudobnik@colorado.edu,dieter,hudobnik,100,Great work!
mehdi.zarekani@colorado.edu,mehdi,zarekani,27,"[-5.0] Hw6Problem1.cpp had the wrong name ('HW6Problem1.cpp'), [-5.0] Hw6Problem2.cpp had the wrong name ('HW6Problem2.cpp'), [-5.0] Hw6Problem3.cpp had the wrong name ('HW6Problem3.cpp'), [-33.3] 3 out of 3 of the inputs for problem 1 did not produce the correct output., [-25.0] 3 out of 4 of the inputs for problem 2 did not produce the correct output."
zhaozhong.peng@colorado.edu,zhaozhong,peng,0,[-100] Could not find a valid submission
matthew.heavey@colorado.edu,matthew,heavey,100,Great work!
william.elbert@colorado.edu,william,elbert,100,Great work!
aaron.dominic@colorado.edu,aaron,dominic,100,Great work!
melanie.costa@colorado.edu,melanie,costa,0,"[-33.3] 3 out of 3 of the inputs for problem 1 did not produce the correct output., [-33.3] 4 out of 4 of the inputs for problem 2 did not produce the correct output., [-33.3] Incorrect output from Problem 3"
joshua.buehler@colorado.edu,joshua,buehler,100,Great work!
eric.lee-1@colorado.edu,eric,lee,85,"[-5.0] Hw6Problem1.cpp had the wrong name ('Hw6problem1.cpp'), [-5.0] Hw6Problem2.cpp had the wrong name ('Hw6problem2.cpp'), [-5.0] Hw6Problem3.cpp had the wrong name ('Hw6problem3.cpp')"
pujan.tandukar@colorado.edu,pujan,tandukar,100,Great work!
nurin.mustaphakamal@colorado.edu,nurin syukrina,mustapha kamal,0,[-100] Could not find a valid submission
samuel.rosean@colorado.edu,samuel,rosean,100,Great work!
dylan.edwards@colorado.edu,dylan,edwards,100,Great work!
phillip.mckenzie@colorado.edu,phillip,mckenzie,0,"[-33.3] Could not find Problem 1 file, [-33.3] Could not find Problem 2 file, [-33.3] Could not find Problem 3 file"
malik.taylor@colorado.edu,malik,taylor,100,Great work!
georgia.nelson@colorado.edu,georgia,nelson,100,Great work!
william.barham@colorado.edu,william,barham,100,Great work!
nicolaus.wolfrum@colorado.edu,nicolaus,wolfrum,100,Great work!
eric.junkins@colorado.edu,eric,junkins,100,Great work!
julie.walsh@colorado.edu,julie,walsh,100,Great work!
landon.ledbetter@colorado.edu,landon,ledbetter,18,"[-5.0] Hw6Problem1.cpp had the wrong name ('HW6Problem1.cpp'), [-5.0] Hw6Problem2.cpp had the wrong name ('HW6Problem2.cpp'), [-5.0] Hw6Problem3.cpp had the wrong name ('HW6Problem3.cpp'), [-33.3] Problem 2 did not compile!, [-33.3] Incorrect output from Problem 3"
daniel.frost@colorado.edu,daniel,frost,100,Great work!
lucas.droste@colorado.edu,lucas,droste,100,Great work!
gregory.robinson-1@colorado.edu,gregory,robinson,100,Great work!
arthur.gomez@colorado.edu,arthur,gomez,0,[-100] Could not find a valid submission
aidan.mcguire@colorado.edu,aidan,mcguire,100,Great work!
dorean.martinez@colorado.edu,dorean,martinez,0,[-100] Could not find a valid submission
emily.hill@colorado.edu,emily,hill,18,"[-5.0] Hw6Problem3.cpp had the wrong name ('HW6Problem3.cpp'), [-5.0] Hw6Problem2.cpp had the wrong name ('HW6Problem2.cpp'), [-5.0] Hw6Problem1.cpp had the wrong name ('HW6Problem1.cpp'), [-33.3] Error Running Problem 2 Submission, [-33.3] Error Running Problem 3 Submission"
catherine.diaz@colorado.edu,catherine,diaz,100,Great work!
ryan.mchugh@colorado.edu,ryan,mchugh,100,Great work!
kelly.welch@colorado.edu,kelly,welch,0,"[-33.3] Could not find Problem 1 file, [-33.3] Could not find Problem 2 file, [-33.3] Could not find Problem 3 file"
jordan.hembling@colorado.edu,jordan,hembling,100,Great work!
francesca.figueroa@colorado.edu,isabella,figueroa,100,Great work!
jddelaney@colorado.edu,jessica,delaney,100,Great work!
eduardo.samayoa@colorado.edu,eduardo,samayoa,100,Great work!
haley.young@colorado.edu,haley,young,100,Great work!
veronica.sachtjen@colorado.edu,veronica,sachtjen,100,Great work!
brandon.sundahl@colorado.edu,brandon,sundahl,100,Great work!
cameron.dotts@colorado.edu,cameron,dotts,100,Great work!
lucas.flores@colorado.edu,lucas,flores,100,Great work!
goxi3959@colorado.edu,gongyuan,xing,95,[-5.0] Hw6Problem1.cpp had the wrong name ('HW6Problem1.cpp')
nicholas.stefanacci@colorado.edu,nicholas,stefanacci,85,"[-5.0] Hw6Problem1.cpp had the wrong name ('HW6Problem1.cpp'), [-5.0] Hw6Problem2.cpp had the wrong name ('HW6Problem2.cpp'), [-5.0] Hw6Problem3.cpp had the wrong name ('HW6Problem3.cpp')"
tanner.tracy@colorado.edu,tanner,tracy,100,Great work!
steven.litherland@colorado.edu,steve,litherland,100,Great work!
brian.ortiz@colorado.edu,brian,ortiz,100,Great work!
david.kleckner@colorado.edu,david,kleckner,95,[-5.0] Hw6Problem2.cpp had the wrong name ('HwProblem2.cpp')
justine.wagner@colorado.edu,justine,wagner,100,Great work!
shaam.patnam@colorado.edu,shaam,patnam,100,Great work!
joo.kim@colorado.edu,joo ho,kim,0,[-100] Could not find a valid submission
jack.porta@colorado.edu,jack,porta,0,[-100] Could not find a valid submission
phil.moroco@colorado.edu,phil,moroco,85,"[-5.0] Hw6Problem1.cpp had the wrong name ('HWProblem1.cpp'), [-5.0] Hw6Problem2.cpp had the wrong name ('HWProblem2.cpp'), [-5.0] Hw6Problem3.cpp had the wrong name ('HWProblem3.cpp')"
katherine.suess@colorado.edu,katherine,suess,100,Great work!
harrison.snook@colorado.edu,harrison,snook,100,Great work!
randolph.molinar@colorado.edu,randolph,molinar,100,Great work!
matthew.roy@colorado.edu,matthew,roy,100,Great work!
jack.gillett@colorado.edu,jack,gillett,83,[-16.7] 2 out of 4 of the inputs for problem 2 did not produce the correct output.
kybr5573@colorado.edu,kyle,brown,67,[-33.3] Incorrect output from Problem 3
anthony.hauger@colorado.edu,anthony,hauger,23,"[-5.0] Hw6Problem1.cpp had the wrong name ('Homework6Problem1.cpp'), [-5.0] Hw6Problem2.cpp had the wrong name ('Homework6Problem2.cpp'), [-33.3] 4 out of 4 of the inputs for problem 2 did not produce the correct output., [-33.3] Could not find Problem 3 file"
blain.vannice@colorado.edu,blain,vannice,100,Great work!
ryan.layton@colorado.edu,ryan,layton,0,[-100] Could not find a valid submission
soham.shah@colorado.edu,soham,shah,100,Great work!
jared.weller@colorado.edu,jared,weller,100,Great work!
zhli3628@colorado.edu,zhaojian,li,100,Great work!
saul.saenzcarrillo@colorado.edu,saul,saenz carrillo,0,[-100] Could not find a valid submission
paige.radtke@colorado.edu,paige,radtke,100,Great work!
sean.frawley@colorado.edu,sean,frawley,100,Great work!
nathaniel.dalton@colorado.edu,nathaniel,dalton,83,[-16.7] 2 out of 4 of the inputs for problem 2 did not produce the correct output.
fox.maikovich@colorado.edu,fox,maikovich,100,Great work!
kenzy.oneill@colorado.edu,kenzy,o'neill,100,Great work!
joseph.jackson@colorado.edu,joseph,jackson,67,[-33.3] 3 out of 3 of the inputs for problem 1 did not produce the correct output.
margherita.lacapra@colorado.edu,margherita,lacapra,85,"[-5.0] Hw6Problem1.cpp had the wrong name ('HW6Problem1.cpp'), [-5.0] Hw6Problem2.cpp had the wrong name ('HW6Problem2.cpp'), [-5.0] Hw6Problem3.cpp had the wrong name ('HW6Problem3.cpp')"
cooper.kernan@colorado.edu,cooper,kernan,100,Great work!
jeremy.richards@colorado.edu,jeremy,richards,100,Great work!
ryan.t.kelley@colorado.edu,ryan,kelley,67,[-33.3] Incorrect output from Problem 3
luke.bowen@colorado.edu,luke,bowen,67,[-33.3] 3 out of 3 of the inputs for problem 1 did not produce the correct output.
christian.mendoza@colorado.edu,christian,mendoza,62,"[-5.0] Hw6Problem2.cpp had the wrong name ('Hw6Problem2.cpp~'), [-33.3] Problem 2 did not compile!"
andrea.padula@colorado.edu,andrea,padula,100,Great work!
